ID,Question,Options,Correct_Answers,Images,Answer_Link
1,"Three villages P, Q, and R are located in such a way that the distance $PQ = 13\ \text{km}$ , $QR = 14\ \text{km}$ , and $RP = 15\ \text{km}$ , as shown in the figure. A straight road joins Q and R. It is proposed to connect P to this road QR by constructing another road. What is the minimum possible length (in km) of this connecting road?",A: 10.5 | B: 11 | C: 12 | D: 12.5,['C'],https://practicepaper.in/wp-content/uploads/GATE/CE/20252/q60.webp,
2,"A business person buys potatoes of two different varieties P and Q, mixes them in a certain ratio and sells them at $₹ 192$ per kg. The cost of the variety P is $₹ 800$ for 5 kg. The cost of the variety Q is $₹ 800$ for 4 kg. If the person gets 8% profit, what is the $P:Q$ ratio (by weight)?",A: 05:04 | B: 03:04 | C: 03:02 | D: 01:01,['A'],,
3,"Consider a five-digit number $PQRST$ that has distinct digits $P,\ Q,\ R,\ S,\ T$ , and satisfies the following conditions: $P < Q$ $S > P > T$ $R < T$ If integers $1$ through $5$ are used to construct such a number, the value of $P$ is:",A: 1 | B: 2 | C: 3 | D: 4,['C'],,
4,"For the clock shown in the figure, if: $O^* = O\ Q\ S\ Z\ P\ R\ T$ , and $X^* = X\ Z\ P\ W\ Y\ O\ Q$ , then which one among the given options is most appropriate for $P^*$ ?",A: P U W R T V X | B: P R T O Q S U | C: P T V Q S U W | D: P S U P R T V,['B'],https://practicepaper.in/wp-content/uploads/GATE/CE/20252/q62.webp,
5,"""His life was divided between the books, his friends, and long walks. A solitary man, he worked at all hours without much method, and probably courted his fatal illness in this way. To his own name there is not much to show; but such was his liberality that he was continually helping others, and fruits of his erudition are widely scattered, and have gone to increase many a comparative stranger's reputation."" (From E.V. Lucas's ""A Funeral"") Based only on the information provided in the above passage, which one of the following statements is true? (A) The solitary man described in the passage is dead. (B) Strangers helped create a grand reputation for the solitary man described in the passage. (C) The solitary man described in the passage found joy in scattering fruits. (D) The solitary man worked in a court where he fell ill.",A: The solitary man described in the passage is dead. | B: Strangers helped create a grand reputation for the solitary man described in the passage. | C: The solitary man described in the passage found joy in scattering fruits. | D: The solitary man worked in a court where he fell ill.,['A'],,
6,"Consider a circle with its centre at the origin (O), as shown. Two operations are
allowed on the circle. Operation 1: Scale independently along the x and y axes. Operation 2: Rotation in any direction about the origin. Which figure among the options can be achieved through a combination of these
two operations on the given circle?",A: A | B: B | C: C | D: D,['A'],https://practicepaper.in/wp-content/uploads/GATE/CE/20232/q60.jpg,
7,"There are 4 red, 5 green, and 6 blue balls inside a box. If ?? number of balls are
picked simultaneously, what is the smallest value of ?? that guarantees there will be
at least two balls of the same colour? One cannot see the colour of the balls until they are picked.",A: 4 | B: 15 | C: 5 | D: 2,['A'],,
8,"In how many ways can cells in a 3 ? 3 grid be
shaded,such that each row and each column have
exactly one shaded cell? An example of one valid
shading is shown.",A: 2 | B: 9 | C: 3 | D: 6,['D'],https://practicepaper.in/wp-content/uploads/GATE/CE/20232/q58.jpg,
9,Kind : _______ : : Often : Seldom,A: Cruel | B: Variety | C: Type | D: Kindred,['A'],,
10,"The line ran ______ the page, right through the
centre, and divided the page into two.",A: across | B: of | C: between | D: about,['A'],,
11,"A square of side length $4 \mathrm{~cm}$ is given. The boundary of the shaded region is defined by one semi-circle on the top and two circular arcs at the bottom, each of radius $2 \mathrm{~cm}$ , as shown. The area of the shaded region is $\mathrm{cm}^{2}$ .",A: 8 | B: 4 | C: 12 | D: 10,['A'],https://practicepaper.in/wp-content/uploads/GATE/CE/20231/q65.jpg,
12,"Let $a=30 !, b=50$ !, and $c=100 ;$ . Consider the following numbers: $\log _{a} c, \log _{c} a, \log _{b} a, \log _{a} b$ Which one of the following inequalities is CORRECT?",A: $\log _{c} a \lt \log _{b} a \lt \log _{a} b \lt  \log _{a} c$ | B: $\log _{c} a \lt \log _{b} b \lt \log _{b} a \lt \log _{b} c$ | C: $\log _{c} a \lt \log _{b} a \lt \log _{a} c \lt \log _{a} b$ | D: $\log _{b} a \lt \log _{c} a \lt \log _{a} b \lt \log _{a} c$,[],,
13,"The James Webb telescope, recently launched in
space, is given humankind unprecedented access
to the depths of time by imaging very old stars
formed almost 13 billion years ago. Astrophysicists
and cosmologists believe that this odyssey in space
may even shed light on the existence of dark
matter. Dark matter is supposed to interact only
via the gravitational interaction and not through
the electromagnetic-, the weak - or the stronginteraction. This may justify the epithet ""dark"" in
dark matter. Based on the above paragraph, which one of the
following statements is FALSE?","A: No other telescope has captured images of
starts older than those captured by the James
Webb telescope. | B: People other than astrophysicists and
cosmologists may also believe in the
existence of dark matter. | C: The James Webb telescope could be of use
in the research on dark matter. | D: If dark matter was known to interact via the
strong-interaction, then the epithet ""dark""
would be justified.",['D'],,
14,"Which one of the options can be inferred about
the mean, median, and mode for the given
probability distribution (i.e. probability mass
function), P(x), of a variable x?",A: mean = median $\neq$ mode | B: mean = median = mode | C: mean $\neq$ median = mode | D: mean $\neq$ mode = median,['A'],https://practicepaper.in/wp-content/uploads/GATE/CE/20231/q62.jpg,
15,"Based only on the truth of the statement 'Some
humans are intelligent', which one of the following
options can be logically inferred with certainty?",A: No human is intelligent. | B: All humans are intelligent. | C: Some non-humans are intelligent. | D: Some intelligent beings are humans.,['D'],,
16,"A line of symmetry is defined as a line that divides
a figure into two parts in a way such that each part
is a mirror image of the other part about that line.
The figure below consists of 20 unit squares
arranged as shown. In addition to the given black
squares, upto 5 more may be coloured black. Which
one among the following options depicts the
minimum number of boxes that must be coloured
black to achieve two lines of symmetry? (The figure
is representative)","A: d | B: c, d, i | C: c, i | D: c, d, I, f, g",['D'],https://practicepaper.in/wp-content/uploads/GATE/CE/20231/q60.jpg,
17,"A duck named Donald Duck says ""All ducks always
lie.""
Based only on the information above, which one
of the following statements can be logically inferred
with certainty?",A: Donald Duck always lies. | B: Donald Duck always tells the truth | C: Donald Duck's statement is true. | D: Donald Duck's statement is false.,['D'],,
18,"In the given figure, PQRSTV is a regular hexagon
with each side of length 5 cm. A circle is drawn
with its centre at V such that it passes through P.
What is the area (in $cm^2$ ) of the shaded region?
(The diagram is representative)",A: $\frac{25 \pi}{3}$ | B: $\frac{20 \pi}{3}$ | C: $6 \pi$ | D: $7 \pi$,['A'],https://practicepaper.in/wp-content/uploads/GATE/CE/20231/q58.jpg,
19,Eject : Insert : : Advance : ______ (By word meaning),A: Advent | B: Progress | C: Retreat | D: Loan,['C'],,
20,"""I have not yet decided what I will do this evening;
I _____ visit a friend.""",A: mite | B: would | C: might | D: didn't,['C'],,
21,"An ant walks in a straight line on a plane leaving behind a trace of its
movement. The initial position of the ant is at point P facing east. The ant first turns $72^{\circ}$ anticlockwise at P, and then does the following twosteps in sequence exactly FIVE times before halting. 1. moves forward for 10 cm. 2. turns $144^{\circ}$ clockwise. The pattern made by the trace left behind by the ant is",A: A | B: B | C: C | D: D,['C'],"https://practicepaper.in/wp-content/uploads/GATE/CE/20221/q65b.jpg, https://practicepaper.in/wp-content/uploads/GATE/CE/20221/q65a.jpg",
22,Given below are two statements and four conclusions drawn based on the statements. Statement 1: Some soaps are clean. Statement 2: All clean objects are wet. Conclusion I: Some clean objects are soaps. Conclusion II: No clean object is a soap. Conclusion III: Some wet objects are soaps. Conclusion IV: All wet objects are soaps. Which one of the following options can be logically inferred?,A: Only conclusion I is correct | B: Either conclusion I or conclusion II is correct | C: Either conclusion III or conclusion IV is correct | D: Only conclusion I and conclusion III are correct,['D'],,
23,Consider the following equations of straight lines: Line L1: 2x - 3y = 5 Line L2: 3x + 2y = 8 Line L3: 4x - 6y = 5 Line L4: 6x - 9y = 6 Which one among the following is the correct statement?,A: L1 is parallel to L2 and L1 is perpendicular to L3 | B: L2 is parallel to L4 and L2 is perpendicular to L1 | C: L3 is perpendicular to L4 and L3 is parallel to L2 | D: L4 is perpendicular to L2 and L4 is parallel to L3,['D'],,
24,"In a partnership business the monthly investment by three friends for the first
six months is in the ratio 3: 4: 5. After six months, they had to increase their
monthly investments by 10%, 15% and 20%, respectively, of their initial
monthly investment. The new investment ratio was kept constant for the next
six months. What is the ratio of their shares in the total profit (in the same order) at the end
of the year such that the share is proportional to their individual total investment
over the year?",A: 22:23:24 | B: 22:33:50 | C: 33 : 46 : 60 | D: 63 : 86 : 110,['D'],,
25,"In the last few years, several new shopping malls were opened in the city. The
total number of visitors in the malls is impressive. However, the total revenue
generated through sales in the shops in these malls is generally low. Which one of the following is the CORRECT logical inference based on the
information in the above passage?",A: Fewer people are visiting the malls but spending more | B: More people are visiting the malls but not spending enough | C: More people are visiting the malls and spending more | D: Fewer people are visiting the malls and not spending enough,['B'],,
26,"For the picture shown above, which one of the following is the correct picture
representing reflection with respect to the mirror shown as the dotted line?",A: A | B: B | C: C | D: D,['A'],"https://practicepaper.in/wp-content/uploads/GATE/CE/20222/q60b.jpg, https://practicepaper.in/wp-content/uploads/GATE/CE/20222/q60a.jpg",
27,"A survey of 450 students about their subjects of interest resulted in the following outcome. 150 students are interested in Mathematics. 200 students are interested in Physics. 175 students are interested in Chemistry. 50 students are interested in Mathematics and Physics. 60 students are interested in Physics and Chemistry. 40 students are interested in Mathematics and Chemistry. 30 students are interested in Mathematics, Physics and Chemistry. Remaining students are interested in Humanities. Based on the above information, the number of students interested in
Humanities is",A: 10 | B: 30 | C: 40 | D: 45,['D'],,
28,"Both the numerator and the denominator of $frac{3}{4}$ are increased by a positive integer, x, and those of $frac{15}{17}$ are decreased by the same integer. This operation results in the same value for both the fractions. What is the value of x?",A: 1 | B: 2 | C: 3 | D: 4,['C'],,
29,$x:y:z=\frac{1}{2}:\frac{1}{3}:\frac{1}{4}$ What is the value of $frac{x+z-y}{y}$,A: 0.75 | B: 1.25 | C: 2.25 | D: 3.25,['B'],,
30,The movie was funny and I _________.,A: could help laughing | B: couldn't help laughed | C: couldn't help laughing | D: could helped laughed,['C'],,
31,"Consider a cube made by folding a single sheet of paper of appropriate shape.
The interior faces of the cube are all blank. However, the exterior faces that are
not visible in the above view may not be blank. Which one of the following represents a possible unfolding of the cube?",A: A | B: B | C: C | D: D,['A'],"https://practicepaper.in/wp-content/uploads/GATE/CE/20221/q65b.jpg, https://practicepaper.in/wp-content/uploads/GATE/CE/20221/q65a.jpg",
32,"In the square grid shown on the left, a person standing at P2 position is required
to move to P5 position. The only movement allowed for a step involves, ""two moves along one
direction followed by one move in a perpendicular direction"". The permissible
directions for movement are shown as dotted arrows in the right. For example, a person at a given position Y can move only to the positions
marked X on the right. Without occupying any of the shaded squares at the end of each step, the
minimum number of steps required to go from P2 to P5 is",A: 4 | B: 5 | C: 6 | D: 7,['B'],https://practicepaper.in/wp-content/uploads/GATE/CE/20221/q64.jpg,
33,"The above frequency chart shows the frequency distribution of marks obtained
by a set of students in an exam. From the data presented above, which one of the following is CORRECT?",A: mean $\gt$ mode $\gt$ median | B: mode $\gt$ median $\gt$ mean | C: mode $\gt$ mean $\gt$ median | D: median $\gt$ mode $\gt$ mean,['B'],https://practicepaper.in/wp-content/uploads/GATE/CE/20221/q63.jpg,
34,"P invested Rs. 5000 per month for 6 months of a year and Q invested Rs. $x$ per
month for 8 months of the year in a partnership business. The profit is shared in
proportion to the total investment made in that year. If at the end of that investment year, Q receives $\frac{4}{9}$ of the total profit, what is the value of $x$ (in Rs)?",A: 2500 | B: 3000 | C: 4687 | D: 8437,['B'],,
35,"Healthy eating is a critical component of healthy aging. When should one start
eating healthy? It turns out that it is never too early. For example, babies who
start eating healthy in the first year are more likely to have better overall health
as they get older. Which one of the following is the CORRECT logical inference based on the
information in the above passage?","A: Healthy eating is important for those with good health conditions, but not for
others | B: Eating healthy can be started at any age, earlier the better | C: Eating healthy and better overall health are more correlated at a young age, but
not older age | D: Healthy eating is more important for adults than kids",['B'],,
36,"In the following diagram, the point R is the center of the circle. The lines PQ
and ZV are tangential to the circle. The relation among the areas of the squares,
PXWR, RUVZ and SPQT is",A: Area of SPQT = Area of RUVZ = Area of PXWR | B: Area of SPQT = Area of PXWR - Area of RUVZ | C: Area of PXWR = Area of SPQT - Area of RUVZ | D: Area of PXWR = Area of RUVZ - Area of SPQT,['B'],https://practicepaper.in/wp-content/uploads/GATE/CE/20221/q60.jpg,
37,"Given the statements: P is the sister of Q. Q is the husband of R. R is the mother of S. T is the husband of P. Based on the above information, T is ______ of S.",A: the grandfather | B: an uncle | C: the father | D: a brother,['B'],,
38,"If p:q = 1:2 q:r = 4:3 r:s = 4:5 and u is 50% more than s, what is the ratio p?u?",A: 02:15 | B: 16:15 | C: 01:05 | D: 16:45,['D'],,
39,"Two straight lines pass through the origin $(x_0,y_0)=(0,0)$ . One of them passes
through the point $(x_1,y_1)=(1,3)$ and the other passes through the point $(x_2,y_2)=(1,2)$ . What is the area enclosed between the straight lines in the interval $[0,1]$ on
the x-axis?",A: 0.5 | B: 1 | C: 1.5 | D: 2,['A'],,
40,You should _________ when to say _________.,A: no / no | B: no / know | C: know / know | D: know / no,['D'],,
41,"In an equilateral triangle PQR, side PQ is divided into four equal parts, side QR is divided into six equal parts and side PR is divided into eight equals parts. The length of each subdivided part in cm is an integer. The minimum area of the triangle PQR possible, in $cm^2$ , is",A: 18 | B: 24 | C: $48 \sqrt{3}$ | D: $144 \sqrt{3}$,['D'],,
42,"In the figure shown above, PQRS is a square. The shaded portion is formed by the intersection of sectors of circles with radius equal to the side of the square and centers at S and Q. The probability that any point picked randomly within the square falls in the shaded area is __________",A: $4-\frac{\pi}{2}$ | B: $\frac{1}{2}$ | C: $\frac{\pi}{2}-1$ | D: $\frac{\pi}{4}$,['C'],https://practicepaper.in/wp-content/uploads/GATE/CE/20212/q64.jpg,
43,"1.Some football players play cricket. 2.All cricket players play hockey. Among the options given below, the statement that logically follows from the two statements 1 and 2 above, is :",A: No football player plays hockey | B: Some football players play hockey | C: All football players play hockey | D: All hockey players play football,['B'],,
44,"The author said, ""Musicians rehearse before their concerts. Actors rehearse their roles before the opening of a new play. On the other hand, I find it strange that many public speakers think they can just walk onto the stage and start speaking. In my opinion, it is no less important for public speaker to rehearse their talks."" Based on the above passage., which one of the following is TRUE?","A: The author is of the opinion that rehearsing is important for musicians, actors and public speakers | B: The author is of the opinion that rehearsing is less important for public speakers than for musicians and actors | C: The author is of the opinion that rehearsing is more important only for musicians than public speakers | D: The author is of the opinion that rehearsal is more important for actors than musicians",['A'],,
45,"On a planar field, you travelled 3 units East from a point O. Next you travelled 4 units South to arrive at point P. Then you travelled from P in the North-East direction such that you arrive at a point that is 6 units East of point O. Next, you travelled in the North-West direction, so that you arrive at point Q that is 8 units North of point P. The distance of point Q to point O, in the same units, should be _____________",A: 3 | B: 4 | C: 5 | D: 6,['C'],,
46,"Four persons P, Q, R and S are to be seated in a row. R should not be seated at the second position from the left end of the row. The number of distinct seating arrangements possible is:",A: 6 | B: 9 | C: 18 | D: 24,['C'],,
47,"$\oplus$ and $\odot$ are two operators on numbers p and q such that $p \odot q=p-q$ , and $p \oplus q=p \times q$ Then, $(9 \odot(6 \oplus 7)) \odot(7 \oplus(6 \odot 5))=$",A: 40 | B: -26 | C: -33 | D: -40,['D'],,
48,Two identical cube shaped dice each with faces numbered 1 to 6 are rolled simultaneously. The probability that an even number is rolled out on each dice is:,A: $\frac{1}{36}$ | B: $\frac{1}{12}$ | C: $\frac{1}{8}$ | D: $\frac{1}{4}$,['D'],,
49,The mirror image of the above text about X-axis is,A: A | B: B | C: C | D: D,['B'],"https://practicepaper.in/wp-content/uploads/GATE/CE/20212/q57a.jpg, https://practicepaper.in/wp-content/uploads/GATE/CE/20212/q57b.jpg",
50,i. Arun and Aparna are here. ii. Arun and Aparna is here. iii. Arun's families is here. iv. Arun's family is here. Which of the above sentences are grammatically CORRECT?,A: (i) and (ii) | B: (i) and (iv) | C: (ii) and (iv) | D: (iii) and (iv),['B'],,
51,"Humans have the ability to construct worlds entirely in their minds, which don't exist in the physical world. So far as we know, no other species possesses this ability. This skill is so important that we have different words to refer to its different flavors, such as imagination, invention and innovation. Based on the above passage, which one of the following is TRUE?","A: No species possess the ability to construct worlds in their minds | B: The terms imagination, invention and innovation refer to unrelated skills | C: We do not know of any species other than humans who possess the ability to construct mental worlds | D: Imagination, invention and innovation are unrelated to the ability to construct mental worlds",['C'],,
52,"A function, $\lambda$ , is defined by $\lambda(p, q)=\left\{\begin{array}{cl} (p-q)^{2}, & \text { if } p \geq q \\ p+q, & \text { if } p \lt q \end{array}\right.$ The value of the expression $\frac{\lambda(-(-3+2),(-2+3))}{(-(-2+1))}$ is:",A: -1 | B: 0 | C: $\frac{16}{3}$ | D: 16,['B'],,
53,"Five line segments of equal lengths, PR, PS, QS, QT and RT are used to form a star as shown in the figure above. The value of $\theta$ , in degrees, is ________",A: 36 | B: 45 | C: 72 | D: 108,['A'],https://practicepaper.in/wp-content/uploads/GATE/CE/20211/q8.jpg,
54,"Consider two rectangular sheets, Sheet M and Sheet N of dimensions 6cm x 4cm each. Folding operation 1: The sheet is folded into half by joining the short edges of the current shape. Folding operation 2: The sheet is folded into half by joining the long edges of the current shape. Folding operation 1 is carried out on Sheet M three times. Folding operation 2 is carried out on Sheet N three times. The ratio of perimeters of the final folded shape of Sheet N to the final folded shape of Sheet M is ____.",A: 0.546527778 | B: 0.126388889 | C: 0.295138889 | D: 0.217361111,['A'],,
55,"Statement: Either P marries Q or X marries Y Among the options below, the logical NEGATION of the above statement is :",A: P  does not marry Q and X marries Y | B: Neither P marries Q nor X marries Y | C: X does not marry Y and P marries Q | D: P marries Q and X marries Y,['B'],,
56,"A bag contains Violet (V), Yellow (Y), Red (R), and Green (G) balls. On counting them, the following results are obtained: (i) The sum of Yellow balls and twice the number of Violet balls is $50$ . (ii) The sum of Violet and Green balls is $50$ . (iii) The sum of Yellow and Red balls is $50$ . (iv) The sum of Violet and twice the number of Red balls is $50$ . Which one of the following Pie charts correctly represents the balls in the bag?",A: A | B: B | C: C | D: D,['A'],https://practicepaper.in/wp-content/uploads/GATE/CE/20252/q60.webp,
57,"In the context of the given figure, which one of the following options correctly
represents the entries in the blocks labelled (i), (ii), (iii), and (iv), respectively?","A: Q, M, 12, and 8 | B: K, L, 10 and 14 | C: I, J, 10, and 8 | D: L, K, 12 and 8",['C'],https://practicepaper.in/wp-content/uploads/GATE/CE/20252/q59.webp,
58,"An electricity utility company charges $₹$ 7 per kWh (kilo watt-hour). If a 40-watt desk light is left on for 10 hours each night for 180 days, what would be the cost of energy consumption? If the desk light is on for 2 more hours each night for the 180 days, what would be the percentage-increase in the cost of energy consumption?",A: $₹$ 604.8; 10% | B: $₹$ 504; 20% | C: $₹$ 604.8; 12% | D: $₹$ 720; 15%,['B'],,
59,"The President, along with the Council of Ministers, ___________ to visit India next week. Select the most appropriate option to complete the above sentence.",A: wish | B: wishes | C: will wish | D: is wishing,['B'],,
60,"Even though I had planned to go skiing with my friends, I had to __________ at the last moment because of an injury. Select the most appropriate option to complete the above sentence.",A: back up | B: back of | C: back on | D: back out,['D'],,
61,"Four persons P, Q, R and S are to be seated in a row, all facing the same direction, but not necessarily in the same order. P and R cannot sit adjacent to each other. S should be seated to the right of Q. The number of distinct seating arrangements possible is:",A: 2 | B: 4 | C: 6 | D: 8,['C'],,
62,"$\oplus$ and $\odot$ are two operators on numbers p and q such that $p \oplus q=\frac{p^{2}+q^{2}}{p q}$ and $p \odot q=\frac{p^{2}}{q}$ ; If $x \oplus y=2 \odot 2$ , then x =",A: $\frac{y}{2}$ | B: y | C: $\frac{3y}{2}$ | D: 2y,['B'],,
63,"In a company, 35% of the employees drink coffee, 40% of the employees drink tea and 10% of the employees drink both tea and coffee. What % of employees drink neither tea nor coffee?",A: 15 | B: 25 | C: 35 | D: 40,['C'],,
64,The mirror image of the above test about the X-axis is,A:  | B:  | C:  | D: ,['B'],https://practicepaper.in/wp-content/uploads/GATE/CE/20211/q2a.jpg,
65,Getting to the top is _____ than staying on top.,A: more easy | B: much easy | C: easiest | D: easier,['D'],,
66,"The monthly distribution of 9 Watt LED bulbs sold by two firms X and Y from January to June 2018 is shown in the pie-chart and the corresponding table. If the total number of LED bulbs sold by the two firms during April-June 2018 is 50000, then the number of LED bulbs sold by the firm Y during April-June 2018 is ________. Percentage of 9 Watt LED bulbs sold  by the firms X and Y from January 2018 to June,2018",A: 11250 | B: 9750 | C: 8750 | D: 8250,['C'],https://practicepaper.in/wp-content/uploads/GATE/CE/20202/q65.jpg,
67,"In a school of 1000 students, 300 students play chess and 600 students play football. If 50 students play both chess and football, the number of students who play neither is _______",A: 200 | B: 150 | C: 100 | D: 50,['B'],,
68,The ratio of 'the sum of the odd positive integers from 1 to 100' to 'the sum of the even positive integers from 150 to 200' is ________,A: 45:95 | B: 01:02 | C: 50:91 | D: 01:01,['C'],,
69,"For the year 2019, which of the previous year's calendar can be used?",A: 2011 | B: 2012 | C: 2013 | D: 2014,['C'],,
70,"Nominal interest rate is defined as the amount paid by the borrower to the lender for using the borrowed amount for a specific period of time. Real interest rate calculated on the basis of actual value (inflation-adjusted), is approximately equal to the difference between nominal rate and expected rate of inflation in the economy. Which of the following assertions is best supported by the above information?","A: Under high inflation, real interest rate is low and borrowers get benefited | B: Under low inflation, real interest rate is high and borrowers get benefited | C: Under high inflation, real interest rate is low and lenders get benefited | D: Under low inflation, real interest rate is low and borrowers get benefited",['A'],,
71,"If $f(x) = x^2$ for each $x\in (-\infty,\infty)$ , then $\frac{f\left(f\left(f(x)\right)\right)}{f(x)}$ is equal to ______",A: $(f(x))$ | B: $(f(x))^2$ | C: $(f(x))^3$ | D: $(f(x))^4$,['C'],,
72,"After the inauguration of the new building, the Head of the Department (HoD) collated faculty preferences for office space. P wanted a room adjacent to the lab. Q wanted to be close to the lift. R wanted a view of the playground and S wanted a corner office. Assuming that everyone was satisfied, which among the following shows a possible allocation?",A: A | B: B | C: C | D: D,['C'],https://practicepaper.in/wp-content/uploads/GATE/CE/20202/q59.jpg,
73,Select the word that fits the analogy: Partial : Impartial :: Popular: _______,A: Impopular | B: Dispopular | C: Mispopular | D: Unpopular,['D'],,
74,"Select the most appropriate word that can replace the underlined word without changing the meaning of the sentence: Now-a-days, most children have a tendency to belittle the legitimate concerns of their parents.",A: disparage | B: applaud | C: reduce | D: begrudge,['A'],,
75,Rescue teams deployed _______disaster hit areas combat_______a lot of difficulties to save the people.,"A: with, at | B: in, with | C: with, with | D: to, to",['B'],,
76,"The total expenditure of a family, on different activities in a month, is shown in the pie-chart. The extra money spent on education as compared to transport (in percent) is  ______.",A: 5 | B: 33.3 | C: 50 | D: 100,['C'],https://practicepaper.in/wp-content/uploads/GATE/CE/20201/q65.jpg,
77,The unit's place in $26591749^{110016}$ is  ______,A: 1 | B: 3 | C: 6 | D: 9,['A'],,
78,"Insert seven numbers between 2  and 34, such that the resulting sequence including 2 and 34  is an arithmetic progression. The sum of these inserted seven numbers is  ______",A: 120 | B: 124 | C: 126 | D: 130,['C'],,
79,"Five friends P,Q,R,S and T went camping. At night, they had to sleep in a row inside the tent. P,Q and T refused to sleep next to R since he snored loudly. P and S wanted to avoid Q as he usually hugged people in sleep. Assuming everyone was satisfied with the sleeping arrangements, what is the order in which they slept?",A: RSPTQ | B: SPRTQ | C: QRSPT | D: QTSPR,['A'],,
80,"The sum of two positive numbers is 100. After subtracting 5 from each number, the product of the resulting numbers is 0. One of the original numbers is  ____",A: 80 | B: 85 | C: 90 | D: 95,['D'],,
81,"If 0, 1, 2, . . .  ,7, 8, 9  are coded as O, P, Q, . . . ,V, W, X, then 45 will be coded as  ______",A: TS | B: ST | C: SS | D: SU,['D'],,
82,"The American psychologist Howard Gardner expounds that human intelligence can be subcategorized into multiple kinds, in such a way that individuals differ with respect to their relative competence in each kind. Based on this theory, modern educationists insist on prescribing multi-dimensional curriculum and evaluation parameters that enable development and assessment of multiple intelligences. Which of the following statements can be inferred from the given text ?",A: Howard Gardener insists that the teaching curriculum and evaluation needs to be multi-dimensional. | B: Howard Gardener wants to develop and assess the theory of multiple intelligences. | C: Modern educationists want to develop and assess the theory of multiple intelligences. | D: Modern educationists insist that the teaching curriculum and evaluation needs to be multi-dimensional.,['D'],,
83,Select the word that fits the analogy: Fuse : Fusion :: Use :  ______,A: Usage | B: User | C: Uses | D: Usion,['A'],,
84,His hunger for reading is insatiable. He reads indiscriminately. He is most certainly a/an ______ reader.,A: Aall-round | B: precocious | C: voracious | D: wise,['C'],,
85,"It is a common criticism that most of the academicians live in their ________ , so, they are not aware of their real life challenges.",A: homes | B: ivory towers | C: glass palaces | D: big flats,['B'],,
86,"""popular Hindi fiction, despite - or perhaps because of - its wide reach, often does not appear in our cinema. As ideals that viewers are meant to look up to rather identify with, Hindi film protagonists usually read books of aspirational value: textbook, English books, or high-value literature."" Which one of the following CANNOT be inferred from the paragraph above?","A: Though popular Hindi fiction has wide reach, it often does not appear in the movies | B: Protagonists in Hindi movies, being ideals for viewers, read only books of aspirational value | C: Textbooks, English books or high literature have  aspirational value, but not popular Hindi fiction | D: People do not look up to writers of textbook, English books or high-value literature",['D'],,
87,"An oil tank can be filled by pipe X in 5 hours and pipe Y in 4 hours, each pump working on its own. When the oil tank is full and the drainage hole is open, the oil is drained in 20 hours. If initially the tank was empty and someone started the two pups together but left the drainage hole open, how many hours will it take for the tank to be filled? (Assume that the rate of drainage is independent of the Head)",A: 1.5 | B: 2 | C: 2.5 | D: 4,['C'],,
88,"The Newspaper reports that over 500 hectares of tribal land spread across 28 tribal settlements in Mohinitampuram forest division have already been ""alienated"". A top forest official said, ""First the tribals are duped out of their land holdings. Second, the families thus rendered landless are often forced to encroach further into the forests"". On the basis of the information available in the paragraph,______ is /are responsible for duping the tribals.",A: forest officials | B: landless families | C: The Newspaper | D: it can not be inferred who,['D'],,
89,Population of state X increased by x%  and the population of state Y increased by y% from 2001 to 2011. Assume that x is greater than y. Let P be the ratio of the population of state X to state Y in a given year. The percentage increase in P from 2001 to 2011 is ________,A: $\frac{x}{y}$ | B: $x-y$ | C: $\frac{100(x-y)}{100+x}$ | D: $\frac{100(x-y)}{100+y}$,['D'],,
90,"Mohan, the manager, wants his four workers to work in pairs. No pair should work for more than 5 hours. Ram and John have worked together for 5 hours. Krishna and Amir have worked as a team for 2 hours. Krishna does not want to work with Ram. Whom should Mohan allot to work with John, if he wants all the workers to continue working?",A: Amir | B: Krishna | C: Ram | D: None of three,['B'],,
91,Hema Das was_____ only Indian athlete to win _______ gold for India.,"A: the , many | B: the, a | C: an, a | D: an , the",['B'],,
92,"A retaining wall with measurements 30 m x  12 m x 6 m was constructed with bricks of dimensions  8 cm x 6 cm x 6 cm. If 60% of the wall consists of bricks,the number of bricks used for the construction is _______ lakhs.",A: 30 | B: 40 | C: 45 | D: 75,['C'],,
93,Suresh wanted to lay a new carpet in his new mansion with an area of 70 x 55 sq.mts. However an area of 550 sq. mts. had to be left out for flower pots. If the cost carpet is Rs.50  sq. mts. how much money (in Rs.) will be spent by Suresh for the carpet now?,"A: Rs.1,65,000 | B: Rs.1,92,500 | C: Rs.2,75,000 | D: Rs.1,27,500",['A'],,
94,The growth rate of ABC Motors in 2017 was the same ________ XYZ Motors in 2016.,A: as off | B: as those of | C: as that off | D: as that of,['D'],,
95,Daytime temperature in Delhi can ______ $40^{\circ}C$ .,A: get | B: stand | C: reach | D: peak,['C'],,
96,"P, Q, R, S and T are related and belong to the same family. P is the brother of S, Q is the wife of P. R and T are the children of the siblings P and S respectively. Which one of the following statement is necessarily FALSE?",A: S is the aunt of R | B: S is the aunt of T | C: S is the sister-in-law of Q | D: S is the brother of P,['B'],,
97,A square has side 5 cm smaller than the sides of a second square. The area of the larger square is four times the area of the smaller square. The side of the larger square is _______ cm.,A: 18.5 | B: 15.1 | C: 10 | D: 8.5,['C'],,
98,"""The increasing interest in tribal characters might be a mere coincidence, but the timing is of interest. None of this, though, is to say that the tribal hero has arrived in Hindi cinema, or that the new crop of characters represents the acceptance of the tribal character in the industry. The films and characters are too few to be described as a pattern."" What does the word 'arrived' mean in the paragraph above?",A: reached a terminus | B: came to a conclusion | C: attained a status | D: went to a place,['C'],,
99,"In a sports academy of 300 peoples, 105 play only cricket, 70 play only hockey, 50 play only football, 25 play both cricket and hockey, 15 play both hockey and football and 30 play both cricket and football. The rest of them play all three sports. What is the percentage of people who play at least two sports?",A: 23.3 | B: 25 | C: 28 | D: 50,['B'],,
100,"The new cotton technology, Bollgard-II, with herbicide-tolerant traits has developed into a thriving business in India. However, the commercial use of this technology is not legal in India. Notwithstanding that, reports indicate that the herbicide tolerant Bt cotton had been purchased by farmers at an average of Rs 200 more than the control price of ordinary cotton, and planted in  15% of the cotton growing area in the 2017 Kharif season. Which one of the following statements can be inferred from the given passage?",A: Farmers want to access the new technology if India benefits from it | B: Farmers want to access the new technology even if it is not legal | C: Farmers want to access the new technology for experimental purposes | D: Farmers want to access the new technology by paying high price,['B'],,
101,The CEO's decision to quit was as shocking to the Board as it was to ______.,A: I | B: me | C: my | D: myself,['B'],,
102,"If E=10,J=20,O=30, and T=40, what will be P+E+S+T?",A: 51 | B: 82 | C: 120 | D: 164,['C'],,
103,"On a horizontal ground, the base of a straight ladder is 6 m away from the base of a vertical pole. The ladder makes an angle of 45 to the horizontal. If the ladder is resting at a point located at one-fifth of the height of the pole from the bottom, the height of the pole is ______ meters.",A: 15 | B: 25 | C: 30 | D: 35,['C'],,
104,They have come a long way in ________ trust among the users.,A: creating | B: created | C: creation | D: create,['A'],,
105,"The lecture was attended by quite _______ students, so the hall was not very _______","A: a few, quite | B: few, quiet | C: a few, quiet | D: few, quite",['C'],,
106,"Each of the letters in the figure below represents a unique integer from 1 to 9. The letters are positioned in the figure such that each of (A+B+C), (C+D+E), (E+F+G) and (G+H+K) is equal to 13. Which integer does E represent?",A: 1 | B: 4 | C: 6 | D: 7,['B'],,
107,"Given that $\dfrac{\log P}{y-z} = \dfrac{\log Q}{z-x} = \dfrac{\log R}{x-y} = 10$ for $x \neq y \neq z$ , what is the value of the product PQR?",A: 0 | B: 1 | C: $xyz$ | D: $10^{xyz}$,['B'],,
108,"The annual average rainfall in a tropical city is 1000 mm. On a particular rainy day (24-hour period), the cumulative rainfall experienced by the city is shown in the graph. Over the 24-hour period, 50% of the rainfall falling on a rooftop, which had an obstruction-free area of 50 $m^2$ , was harvested into a tank. What is the total volume of water collected in the tank litters?",A: 25000 | B: 18750 | C: 7500 | D: 3.125,['C'],https://practicepaper.in/wp-content/uploads/GATE/CE/20182/q63.jpg,
109,A faulty wall clock is known to gain 15 minutes every 24 hours. It is synchronized to the correct time at 9 AM on 11th July. What will be the correct time to the nearest minute when the clock shows 2 PM on 15th July of the same year?,A: 12:45 PM | B: 12:58 PM | C: 1:00 PM | D: 2:00 PM,['B'],,
110,"In manufacturing industries, loss is usually taken to be proportional to the square of the deviation from a target. If the loss is Rs. 4900 for a deviation of 7 units, what would be the loss in Rupees for a deviation of 4 units from the target?",A: 400 | B: 1200 | C: 1600 | D: 2800,['C'],,
111,"An object is said to have an n-fold rotational symmetry if the object, rotated by an angle of $\frac{2\pi}{n}$ , is identical to the original. Which one of the following objects exhibits 4-fold rotational symmetry about an axis perpendicular to the plane of the screen? Note: The figures shown are representative.",A: A | B: B | C: C | D: D,['B'],https://practicepaper.in/wp-content/uploads/GATE/CE/20251/q65.webp,
112,"A circle with center at $(x, y)=(0.5,0)$ and radius $=0.5$ intersects with another circle with center at $(x, y)=(1,1)$ and radius $=1$ at two points. One of the points of intersection $(x, y)$ is:","A: $(0,0)$ | B: $(0.2,0.4)$ | C: $(0.5,0.5)$ | D: $(1,2)$",['B'],,
113,"A color model is shown in the figure with color codes: Yellow (Y), Magenta (M), Cyan (Cy), Red (R), Blue (BI), Green (G), and Black (K). Which one of the following options displays the color codes that are consistent with the color model?",A: A | B: B | C: C | D: D,['A'],"https://practicepaper.in/wp-content/uploads/GATE/CE/20251/q63a.webp, https://practicepaper.in/wp-content/uploads/GATE/CE/20251/q63b.webp",
114,"Rohit goes to a restaurant for lunch at about 1 PM. When he enters the restaurant, he notices that the hour and minute hands on the wall clock are exactly coinciding. After about an hour, when he leaves the restaurant, he notices that the clock hands are again exactly coinciding. How much time (in minutes) did Rohit spend at the restaurant?",A: $64 \frac{6}{11}$ | B: $66 \frac{5}{13}$ | C: $65 \frac{5}{11}$ | D: $66 \frac{6}{13}$,['C'],,
115,"""Why do they pull down and do away with crooked streets, I wonder, which are my delight, and hurt no man living? Every day the wealthier nations are pulling down one or another in their capitals and their great towns: they do not know why they do it; neither do I. It ought to be enough, surely, to drive the great broad ways which commerce needs and which are the life-channels of a modern city, without destroying all history and all the humanity in between: the islands of the past."" (From Hilaire Belloc's ""The Crooked Streets"") Based only on the information provided in the above passage, which one of the following statements is true?","A: The author of the passage takes delight in wondering. | B: The wealthier nations are pulling down the crooked streets in their capitals. | C: In the past, crooked streets were only built on islands. | D: Great broad ways are needed to protect commerce and history.",['B'],,
116,"For non-negative integers, a,b,c, what would be the value of $a+b+c$ ,  if $\log a + \log b + \log c = 0$ ?",A: 3 | B: 1 | C: 0 | D: -1,['A'],,
117,A three-member committee has to be formed  from a group of 9 people. How many such distinct committees can be formed?,A: 27 | B: 72 | C: 81 | D: 84,['D'],,
118,"$\underbrace{a+a+a+ \dots +a}_{\text{n times}}=a^2b$ and $\underbrace{b+b+b+ \dots +b}_{\text{m times}} = ab^2$ , where $a,b,n,m$ are natural numbers. What is the value of $\Bigg( \underbrace{m+m+m+ \dots +m}_{\text{n times}} \Bigg) \Bigg( \underbrace{n+ n+ n+ \dots + n}_{\text{m times}} \Bigg)?$",A: $2a^{2}b^{2}$ | B: $a^{4}b^{4}$ | C: $ab(a+b)$ | D: $a^{2}+b^{2}$,['B'],,
119,"""Although it does contain some pioneering ideas, one would hardly characterize the work as _____.""",A: innovative | B: simple | C: dull | D: boring,['A'],,
120,"""His face ____  with joy when the solution of the puzzle was ___ to him."" The words that best fill the blanks in the above sentence are","A: shone, shown | B: shone, shone | C: shown, shone | D: shown, shown",['A'],,
121,"Each of the letters arranged as below represents a unique integer from 1 to 9. The letters are positioned in the figure such that (AxBxC), (BxGxE) and (DxExF) are equal. Which integer among the following choices cannot be represented by the letters A, B, C, D, E, F or G? $\begin{array}{|l|l|l|}\hline \text{A}  &  \text{} & \text{D} \\\hline \text{B} & \text{G}& \text{E}\\\hline \text{C} & \text{} & \text{F}\\\hline  \end{array}$",A: 4 | B: 5 | C: 6 | D: 9,['B'],,
122,"Consider a sequence of numbers $a_1,a_2,a_3, . . . ,a_n$ where $a_n=\frac{1}{n}-\frac{1}{n}+2$ , for each integer $n \gt 0$ . Whart is the sum of the first 50 terms?",A: $\bigg( 1+ \frac{1}{2} \bigg) - \frac{1}{50} \\$ | B: $\bigg( 1+ \frac{1}{2} \bigg) + \frac{1}{50} \\$ | C: $\bigg( 1+ \dfrac{1}{2} \bigg) - \bigg( \dfrac{1}{51} + \dfrac{1}{52} \bigg) \\$ | D: $1 - \bigg( \dfrac{1}{51} + \dfrac{1}{52} \bigg)$,['C'],,
123,Which of the following function(s) is an accurate description of the graph for the range(s) indicated? i. $y=2x+4 \text{ for } -3 \leq x \leq -1$ ii. $y= \mid x-1 \mid \text{ for } -1 \leq x \leq 2$ iii. $y= \mid\mid x \mid -1 \mid \text{ for } -1 \leq x \leq 2$ iv. $y=1 \text{ for } 2 \leq x \leq 3$,"A: i, ii and iii only | B: i, ii and iv only | C: i and iv only | D: ii and iv only",['B'],https://practicepaper.in/wp-content/uploads/GATE/CE/20191/q63.jpg,
124,The price of a wire made of a super alloy material is proportional to the square of its length. The price of 10m length of the wire is Rs. 1600. What would be the total price (in Rs.) of two wires of length 4m and 6m ?,A: 768 | B: 832 | C: 1440 | D: 1600,['B'],,
125,"A fruit seller sold a basket of fruits at 12.5% loss. Had he sold it for Rs. 108 more, he would have made a 10% gain. What is the loss in Rupees incurred by the fruit seller?",A: 48 | B: 52 | C: 60 | D: 108,['C'],,
126,"The temperature $T$ in a room varies as a function of the outside temperature $T_0$ and the number of persons in the room $p$ , according to the relation $T=K(\theta p +T_0)$ , where $\theta$ and $K$ are constants. What would be the value of $\theta$ given the following data? $\begin{array}{|l|l|l|}\hline \text{$T_{0}$} & \text{p} & \text{T} \\\hline \text{25} & \text{2}& \text{32.4} \\\hline \text{30} & \text{5} & \text{42.0}\\\hline \end{array}$",A: 0.8 | B: 1 | C: 2 | D: 10,['B'],,
127,"Tower A is 90 m tall and tower B is 140 m tall. They are 100 m apart. A horizontal skywalk connects the floors at 70 m in both the towers. If a taut rope connects the top of tower A to the bottom tower B, at what distance (in meters) from tower A will the rope intersect the skywalk?",A: 22.22 | B: 50 | C: 57.87 | D: 77.78,[],,
128,"Hema's age is 5 years more than twice Hari's age. Suresh's age is 13 years less than Hari's age. If Suresh is 3 times as old as Hema, then how old is Hema?",A: 14 | B: 17 | C: 18 | D: 19,['D'],,
129,"""It is no surprise that every society has had codes of behavior; however, the nature of these codes is often _____."" The word that best fills the blank in the above sentence is",A: unpredictable | B: simple | C: expected | D: strict,['A'],,
130,"""The driver applied the ____ as soon as she approached the hotel where she wanted to take a ____""","A: brake, break | B: break, brake | C: brake, brake | D: break, break",['A'],,
131,"The points in the graph below represent the halts of a lift for a durations of 1 minute, over a period of 1 hour. Which of the following statements are correct? i. The elevator moves directly from any non-ground floor to another non-ground floor over the an hour period. ii. The elevator stays on the fourth floor for the longest duration over the one hour period.",A: Only i | B: Only ii | C: Both i and ii | D: Neither i nor ii,['D'],https://practicepaper.in/wp-content/uploads/GATE/CE/20172/q65.jpg,
132,Budhan covers a distance of 19 km in 2 hours by cycling one fourth of the time and walking the rest. The next day he cycles (at the same speed as before) for half the time and walks the rest (at the same speed as before) and covers 26 km in 2 hours. The speed in km\h at which Budhan walk is,A: 1 | B: 4 | C: 5 | D: 6,['D'],,
133,"P, Q, R, S, T , and U are seated around a circular table R is seated two places to the right of Q. P is seated three places to the left of R. S is seated opposite U. If P and U now switch seats, which of the following must necessarily be true?",A: P is immediately to the right of R | B: T is immediately to the left of P | C: T is immediately to the left of P or P is immediately to the right of Q | D: U is immediately to the right of R or P is immediately to the left of T,['C'],,
134,"A map shows the elevations of Darjeeling, Gangtok, Kalimpong, Pelling, and Siliguri. Kalimpong is at a lower elevation than Gangtok,  Pelling is at a lower elevation than Gantok. Pelling is at a higher elevation than Siliguri. Darjeeling is at a higher elevation than Gangtok. Which of the following statement can be inferred from the paragraph above? i. Pelling is at a higher elevation than Kalimpong ii. Kalimpong is at a lower elevation than Darjeeling iii.  Kalimpong is at a higher elevation than Siliguri iv.  Siliguri is at a lower elevation than Gangtok",A: Only ii | B: Only ii and iii | C: Only ii and iv | D: Only iii and iv,['C'],,
135,"Bhaichung was observing the pattern of people entering and leaving a car service centre. There was a single window where customers were being served. He saw that people inevitably came out of the centre in the order that they went in. However, the time they spent inside seemed to vary a lot: some people came out in a matter of minutes while for others it took much longer. From this, what can conclude?","A: The centre operators on a first-come-first-served basis, but with variable service times, depending on specific customer needs. | B: Customers were served in an arbitrary order, since they took varying amounts of time for service completion in the centre. | C: Since some people came out within a few minutes of entering the centre, the system is likely to operate on a last-come-first-served basis. | D: Entering the centre early ensured that one would have shorter service times and most people attempted to do this.",['A'],,
136,Two dice are thrown simultaneously. The probability that the product of the numbers appearing on the top faces of the dice is a perfect square is,A: $\frac{1}{9}$ | B: $\frac{2}{9}$ | C: $\frac{1}{3}$ | D: $\frac{4}{9}$,['B'],,
137,What is the value of $x$ when $81\times\left (\dfrac{16}{25} \right )^{x+2}\div\left (\dfrac{3}{5} \right )^{2x+4}=144?$,A: 1 | B: -1 | C: -2 | D: Can not be determined,['B'],,
138,"Four cards lie on table. Each card has a number printed on one side and a colour on the other. The faces visible on the cards are 2, 3, red, and blue. Proposition: If a card has an even value on one side, then its opposite face is red. The card which MUST be turned over to verify the above proposition are","A: 2, red | B: 2,3, red | C: 2, blue | D: 2, red,blue",['C'],,
139,There was no doubt that their work was thorough. Which of the words below is closest in meaning to the underlined word above?,A: pretty | B: complete | C: sloppy | D: haphazard,['B'],,
140,The event would have been successful if you____________able to come.,A: are | B: had been | C: have been | D: would have been,['B'],,
141,"The bar graph below shows the output of five carpenters over one month, each of whom made different items of furniture: chairs, tables, and beds. Consider the following statements. i. The number of beds made by carpenter C2 is exactly the same as the number of tables made by carpenter C3. ii. The total number of chairs made by all carpenters is less than the total number of tables. Which one of the following is true?",A: Only i | B: Only ii | C: Both i and ii | D: Neither i nor ii,['C'],https://practicepaper.in/wp-content/uploads/GATE/CE/20171/q65.jpg,
142,"Two machines M1 and M2  are able to execute any of four jobs P, Q, R and S. The machines can perform one job on one object at a time. Jobs P, Q, R and S take 30 minutes, 20 minutes, 60 minutes and 15 minutes each respectively. There are 10 objects each requiring exactly 1 job. Job P is to be performed on 2 objects. Job Q on 3 objects, Job R on 1 object and Job S on 4 objects. What is the minimum time needed to complete all the jobs?",A: 2 hours | B: 2.5 hours | C: 3 hours | D: 3.5 hours,['A'],,
143,The last digit of $(2171)^{7}+(2172)^{9}+(2173)^{11}+(2174)^{13}$ is,A: 2 | B: 4 | C: 6 | D: 8,['B'],,
144,"Students applying for hostel rooms are allotted rooms in order of seniority. Students already staying in a room will move if they get a room in their preferred list. Preferences of lower ranked applicants are ignored during allocation. Given the data below, which room will Ajit stay in ? $\begin{array}{|l|l|l|l|}\hline \textbf{Names} & \textbf{Student seniority} & \textbf{Current room} & \textbf{Room preference list} \\\hline \text{Amar} & \text{1}& \text{P} & \text{R,S,Q}\\\hline \text{Akbar} & \text{2}& \text{None} & \text{R,S}\\\hline \text{Anthony} & \text{3}& \text{Q} & \text{P}\\\hline \text{Ajit} & \text{4}& \text{S} & \text{Q,P,R}\\\hline \end{array}$",A: P | B: Q | C: R | D: S,['B'],,
145,"The old concert hall was demolished because of fears that the foundation would be affected by the construction of the new metro line in the area. Modern technology for underground metro construction tried to mitigate the impact of pressurized air pockets created by the excavation of large amounts of soil. But even with these safeguards, it was feared the soil below the concert hall would not be stable. From this, one can infer that","A: the foundations of old buildings create pressurized air pockets underground, which are difficult to handle during metro construction. | B: metro construction has to be done carefully considering its impact on the foundations of existing buildings. | C: old buildings in an area from an impossible hurdle to metro construction in that area. | D: pressurized air can be used to excavate large amounts of soil from underground areas.",['B'],,
146,"The following sequence of numbers is arranged in increasing order: 1, x, x, x, y, y, 9, 16, 18. Given that the mean and median are equal, and are also equal to twice the mode, the value of y is",A: 5 | B: 6 | C: 7 | D: 8,['D'],,
147,"If the radius of a right circular cone is increased by 50%, its volume increases by",A: 0.75 | B: 1 | C: 1.25 | D: 2.375,['C'],,
148,"Consider the following sentences: All benches are beds. No bed is a bulb. Some bulbs are lamps. Which of the following can be inferred? i.  Some beds are lamps.
Ii. Some lamps are beds.",A: Only i | B: Only ii | C: Both i and ii | D: Neither i nor ii,['D'],,
149,_______with someone else's email account is now a very serious offence.,A: Involving | B: Assisting | C: Tampering | D: Incubating,['C'],,
150,The bacteria in milk are destroyed when it __________ heated to 80 degree Celsius.,A: would be | B: will be | C: is | D: was,['C'],,
151,"Ananth takes 6 hours and Bharath takes 4 hours to read a book. Both started reading copies of the book at the same time. After how many hours is the number of pages to be read by Ananth, twice that to be read by Bharath? Assume Ananth and Bharath read all the pages with constant pace.",A: 1 | B: 2 | C: 3 | D: 4,['C'],,
152,"A square pyramid has a base perimeter $x$ , and the slant height is half of the perimeter. What is the lateral surface area of the pyramid?",A: $x^2$ | B: $0.75x^2$ | C: $0.50x^2$ | D: $0.25x^2$,['D'],,
153,"Fact 1: Humans are mammals. Fact 2: Some humans are engineers. Fact 3: Engineers build houses. If the above statement are facts, which of the following can be logically inferred? I. All mammals build houses. II.  Engineers are mammals. III. Some humans are not engineers.","A: II only. | B: III only. | C: I, II and III. | D: I only",['B'],,
154,"Today, we consider Ashoka as a great ruler because of the copious evidence he left behind in the form of stone carved edicts. Historians tend to correlate greatness of a king at his time with the availability of evidence today. Which of the following can be logically inferred from the sentence?","A: Emperors who do not leave significant sculpted evidence are completely forgotten. | B: Ashoka produced stone carved edicts to ensure that later historians will respect him. | C: Statues of kings are a reminder of their greatness. | D: A king's greatness, as wee know him today, is interpreted by historians.",['D'],,
155,"Two finance companies, P and Q, declared fixed annual rates of interest on the amounts invested with them. The rates of interest offered by these companies may differ from year to year. Year-wise annual rates offered by these companies are shown by the line graph provided below. If the amounts invested in the companies, P and Q, in 2006 are in the ratio 8:9, then the amounts received after one year as interests from companies P and Q would be in the ratio:",A: 02:03 | B: 03:04 | C: 06:07 | D: 04:03,['D'],https://practicepaper.in/wp-content/uploads/GATE/CE/20162/q61.jpg,
156,"The sum of the digits of a two digit number is 12. If the new number formed by reversing the digits is greater than the original number by 54, find the original number.",A: 39 | B: 57 | C: 66 | D: 93,"['A', 'D']",,
157,$(x\% \text{ of }y)+ (y\% \text{ of }x)$ is equivalent to ______ .,A: $2\% \text{ of } xy$ | B: $2\% \text{ of } xy/100$ | C: $xy\% \text{ of } 100$ | D: $100\% \text{ of } xy$,['A'],,
158,"Choose the most appropriate set of words from the options given below to complete the following sentence. ________    _________  is a will,  ________ is a way.","A: Wear, there, their | B: Were, their, there | C: Where, there, there | D: Where, their, their",['C'],,
159,He $\underline{\text{turned a deaf ear to}}$ my request What does the underlined phrasal verb mean?,A: ignored | B: appreciated | C: twisted | D: returned,['A'],,
160,"If I were you, I _______ that laptop. It's much too expensive.",A: won't buy | B: shan't buy | C: wouldn't buy | D: would buy,['C'],,
161,"In a process, the number of cycles to failure decreases exponentially with an increase in load. At a load of 80 units, it takes 100 cycles for failure. When the load is halved, it takes 10000 cycles for failure. The load for which the failure will happen in 5000 cycles is _______.",A: 40 | B: 46.02 | C: 60.01 | D: 92.02,['B'],,
162,"If $f(x)=2x^7+3x-5$ , which of the following is a factor of $f(x)$ ?",A: $(x^3+8)$ | B: $(x-1)$ | C: $(2x-5)$ | D: $(x+1)$,['B'],,
163,"Consider the following statements relating to the level of poker play of four players P, Q, R and S. I.  P always beats Q II.  R always beats S III. S loses to P only sometimes IV. R always loses to Q Which of the following can be logically inferred from the above statements? i.  P is likely to beat all the three other players ii.  S is the absolute worst player in the set",A: (i) only | B: (ii) only | C: (i) and (ii) | D: neither (i) nor (ii),['D'],,
164,"Indian currency notes show the denomination indicated in at least seventeen languages. If this is not an indication of the nation's diversity, nothing else is. Which of the following can be logically inferred from the above sentences?",A: India is a country of exactly seventeen languages. | B: Linguistic pluralism is the only indicator of a nation?s diversity. | C: Indian currency notes have sufficient space for all the Indian languages. | D: Linguistic pluralism is strong evidence of India?s diversity.,['D'],,
165,"A shaving set company sells 4 different types of razors, Elegance, Smooth, Soft and Executive. Elegance sells at Rs. 48, Smooth at Rs. 63, Soft at Rs. 78 Executive at Rs. 173 per piece. The table below shows the numbers of each razor sold in each quarter of a year. [latex]  \begin{array}{|c|c|c|c|c|} \hline \text{Quarter\Product} & \text{Elegance} & \text{Smooth} & \text{Soft} & \text{Executive} \\ \hline Q1 & 27300 & 20009 & 17602 & 9999 \\ \hline Q2 & 25222 & 19392 & 18445 & 8942 \\ \hline Q3 & 28976 & 22429 & 19544 & 10234 \\ \hline Q4 & 21012 & 18229 & 16595 & 10109 \\ \hline \end{array} [/latex] Which product contributes the greatest fraction to the revenue of the company in that year?",A: Elegance | B: Executive | C: Smooth | D: Soft,['B'],,
166,"The figures, I, II and III are parts of a sequence. Which one of the following options comes next in the sequence is IV?",A: A | B: B | C: C | D: D,['B'],"https://practicepaper.in/wp-content/uploads/GATE/CE/20251/q60a.webp, https://practicepaper.in/wp-content/uploads/GATE/CE/20251/q60b.webp",
167,"A thin wire is used to construct all the edges of a cube of 1 m side by bending, cutting and soldering the wire. If the wire is 12 m long, what is the minimum number of cuts required to construct the wire frame to form the cube?",A: 3 | B: 4 | C: 6 | D: 12,['A'],,
168,The sum of the following infinite series is: $\frac{1}{1!}+\frac{1}{2!}+\frac{1}{3!}+\frac{1}{4!}+\frac{1}{5!}+\ldots$,A: $\pi$ | B: $1+e$ | C: $e-1$ | D: $e$,['C'],,
169,"As the police officer was found guilty of embezzlement, he was _________
dismissed from the service in accordance with the Service Rules. Select the most appropriate option to complete the above sentence.",A: sumptuously | B: brazenly | C: unintentionally | D: summarily,['D'],,
170,Is there any good show __________ television tonight? Select the most appropriate option to complete the above sentence.,A: in | B: at | C: within | D: on,['D'],,
171,"A cube is built using 64 cubic blocks of side one unit. After it is built, one cubic block is removed from every corner of the cube. The resulting surface area of the body (in square units) after the removal is ___",A: 54 | B: 64 | C: 72 | D: 96,['D'],,
172,"If 'relftaga' means carefree, 'otaga' means careful and 'fertaga' means careless, which of the following could mean 'aftercare'?",A: zentaga | B: tagafer | C: tagazen | D: relffer,['C'],,
173,"Archimedes said, ""Give me a lever long enough and a fulcrum on which to place it, and I will move the world"". The sentence above is an example of a _______ statement.",A: figurative | B: collateral | C: literal | D: figurine,['A'],,
174,A rewording of something written or spoken is a ______,A: paraphrase | B: paradox | C: paradigm | D: paraffin,['A'],,
175,"Out of the following four sentences, select the most suitable sentence with respect to grammar and usage.",A: I will not leave the place until the minister does not meet me. | B: I will not leave the place until the minister doesn?t meet me. | C: I will not leave the place until the minister meet me. | D: I will not leave the place until the minister meets me.,['D'],,
176,"There are 16 teachers who can teach Thermodynamics (TD), 11 who can teach Electrical Sciences (ES), and 5 who can teach both TD and Engineering  Mechanics (EM). There are a total of 40 teachers, 6 cannot teach any of the three subjects, i.e. EM, ES or TD. 6 can teach only ES. 4 can teach all three subjects, i.e. EM, ES, and TD. 4 can teach ES and TD. How many can teach both ES and EM but not TD?",A: 1 | B: 2 | C: 3 | D: 4,['A'],,
177,"Read the following table giving sales data of five types of batteries for years 2006 to 2012: $\begin{array}{|l|l|l|l|l|l|} \hline \text{Year} & \text{Type I} & \text{Type II} & \text{Type III} & \text{Type IV} & \text{Type V} \\ \hline 2006 & 75 & 144 & 144 & 102 & 108 \\ \hline 2007 & 90 & 126 & 102 & 84 & 126 \\ \hline 2008 & 96 & 114 & 75 & 105 & 135 \\ \hline 2009 & 105 & 60 & 165 & 45 & 120 \\ \hline 2010 & 90 & 75 & 135 & 75 & 90 \\ \hline 2011 & 105 & 60 & 165 & 45 & 120 \\ \hline 2012 & 115 & 85 & 160 & 100 & 145 \\ \hline \end{array}$ Out of the following, which type of battery achieved highest growth between the years 2006 and 2012?",A: Type V | B: Type III | C: Type II | D: Type I,['D'],,
178,"How many four digit numbers can be formed with the 10 digits 0,1,2, . . . ,9 if no number can start with 0 and if repetitions are not allowed?",A: 14523 | B: 4536 | C: 4578 | D: 9853,['B'],,
179,"The given question is followed by two statements; select the most appropriate option that solves the question. Capacity of a solution tank A is 70% of the capacity of tank B. How many gallons of solution are in tank A and tank B? Statements: I. Tank A is 80% full and tank B is 40% full. II. Tank A if full contains 14,000 gallons of solution.",A: Statement I alone is sufficient. | B: Statement II alone is sufficient. | C: Either statement I or II alone is sufficient. | D: Both the statements I and II together are sufficient.,['D'],,
180,The word similar in meaning to 'dreary' is,A: cheerful | B: dreamy | C: hard | D: dismal,['D'],,
181,"Four cards are randomly selected from a pack of 52 cards. If the first two cards are kings, what is the probability that the third card is a king?",A: $\frac{4}{52}$ | B: $\frac{2}{50}$ | C: $\left ( \frac{1}{52}\right )\times\left ( \frac{1}{52}\right ) \\$ | D: $\left ( \frac{1}{52}\right )\times\left ( \frac{1}{51}\right ) \times\left ( \frac{1}{50}\right ) \\$,['B'],,
182,"Mr. Vivek walks 6 meters North-east, then turns and walks 6 meters South-east, both at 60 degrees to east. He further moves 2 meters South and 4 meters West. What is the straight distance in meters between the point he started from and the point he finally reached?",A: $2\sqrt{2}$ | B: $2$ | C: $\sqrt{2}$ | D: $\frac{1}{\sqrt{2}}$,['A'],,
183,which word is not a synonym for the word vernacular?,A: regional | B: indigenous | C: indigent | D: colloquial,['C'],,
184,Choose the statement where underlined word is used correctly.,A: The minister $\underline{\text{insured}}$ the victims that everything would be all right. | B: He $\underline{\text{ensured}}$ that the company will not have to bear any loss. | C: The actor got himself $\underline{\text{ensured}}$ against any accident. | D: The teacher $\underline{\text{insured}}$ students of good results.,['B'],,
185,Choose the most appropriate word from the options given below to complete the following sentence. The official answered __________ that the complaints of the citizen would be looked into.,A: respectably | B: respectfully | C: reputably | D: respectively,['B'],,
186,"The head of a newly formed government desires to appoint five of the six selected members P, Q, R, S, T,and U to portfolios of Home, Power, Defense, Telecom, and Finance. U does not want any portfolio if S gets one of the five. R wants either Home or Finance or no portfolio. Q says that if S gets either Power or Telecom, then she must get the other one. T insists on a portfolio if P gets one. Which is the valid distribution of portfolios?","A: P- Home, Q - Power, R - Defense, S - Telecom, T - Finance | B: R- Home, S - Power, P - Defense, Q - Telecom, T - Finance | C: P- Home, Q - Power, T - Defense, S - Telecom, U - Finance | D: Q- Home, U - Power, T - Defense, R - Telecom, P - Finance",['B'],,
187,"Choose the most appropriate equation for the function drawn as a thick line, in the plot below.",A: $x=y - \mid y \mid$ | B: $x=-(y - \mid y \mid)$ | C: $x=y + \mid y \mid$ | D: $x=-(y + \mid y \mid)$,['B'],https://practicepaper.in/wp-content/uploads/GATE/CE/20151/q64.jpg,
188,The exports and imports (in crores of Rs.) of a country from the year 2000 to 2007 are given in the following bar chart. In which year is the combined percentage increase in imports and exports the highest?,A: 2007 | B: 2006 | C: 2005 | D: 2004,['B'],https://practicepaper.in/wp-content/uploads/GATE/CE/20151/q63.jpg,
189,"Most experts feel that in spite of possessing all the technical skills required to be a batsman of the highest order he is unlikely to be so due to lack of requisite temperament. He was guilty of throwing away his wicket several times after working hard to lay a strong foundation. His critics pointed out that until he addressed this problem, success at the highest level will continue to elude him. Which of the statement(s) below is/are logically valid and can be inferred from the above passage? i. He was already a successful batsman at the highest level. ii. He has to improve his temperament in order to become a great batsman. iii. He failed to make many of his good starts count. iv. Improving his technical skills will guarantee success.","A: (iii) and (iv) | B: (ii) and (iii) | C: (i),(ii) and (iii) | D: (ii) only",['B'],,
190,"Alexander turned his attention towards India, since he had conquered  Persia. Which one of the statement below is logically valid and can be inferred from the above sentence?","A: Alexander would not have turned his attention towards India had he not conquered Persia. | B: Alexander was not ready to rest on his laurels, and wanted to march to India. | C: Alexander was completely in control of his army and could command it to move towards India. | D: Since Alexander?s kingdom extended to Indian borders after the conquest of Persia, he was keen to move further.",['A'],,
191,A function f(x) is linear and has a value of 29 at x= -2 and 39 at x=3. Find its value at x=5.,A: 59 | B: 45 | C: 43 | D: 35,['C'],,
192,"If ROAD is written as URDG, then SWAN should be written as:",A: VXDQ | B: VZDQ | C: VZDP | D: UXDQ,['B'],,
193,"The Tamil version of ___________ John Abraham-starrer Madras Cafe __________ cleared by the Censor Board with no cuts last week, but the film's distributors _________ no takers among the exhibitors for a  release in Tamil  Nadu _______ this Friday.","A: Mr. , was, found, on | B: a, was, found, at | C: the, was, found, on | D: a, being, find, at",['C'],,
194,Select the pair that best expresses a relationship similar to that expressed in the pair: Children : Pediatrician,A: Adult : Orthopaedist | B: Females : Gynaecologist | C: Kidney : Nephrologist | D: Skin : Dermatologist,['B'],,
195,Extreme focus on syllabus and studying for tests has become such a dominant concern of Indian students that they close their minds to anything_________ to the requirements of the exam.,A: related | B: extraneous | C: outside | D: useful,['B'],,
196,"10%  of the population in a town is $HIV^+$ . A new diagnostic kit for $HIV$ detection is available, this kit correctly identifies $HIV^+$ individuals 95% of the time, and $HIV^-$ individuals 89% of the time. A particular patient is tested using this kit and is found to be positive. The probability that the individual is actually positive is_______",,['0.49'],,
197,X  is 1 km northeast of Y. Y is 1 km southeast of Z. W is 1 km west of Z. P is 1 km south of W. Q is 1 km east of P. What is the distance between X and Q in km?,A: $1$ | B: $\sqrt{2}$ | C: $\sqrt{3}$ | D: $2$,['C'],,
198,The total exports and revenues from the exports of a country are given in the two pie charts below.The pie chart for exports shows the quantity of each item as a percentage of the total quantity of exports. The pie chart for the revenues shows the percentage of the total revenue generated through export of each item. The total quantity of exports of all the items is 5 lakh tonnes and the total revenues are 250 crore rupees. What is the ratio of the revenue generated through export of Item  1 per kilogram to the revenue generated through export of Item 4 per kilogram?,A: 01:02 | B: 02:01 | C: 01:04 | D: 04:01,['D'],https://practicepaper.in/wp-content/uploads/GATE/CE/20142/q63.jpg,
199,"Moving into a world of big data will require us to change our thinking about the merits of exactitude. To apply the conventional mindset of measurement to the digital, connected world of the twenty-first century is to miss a crucial point. As mentioned earlier, the obsession with exactness is an artefact of the information-deprived analog era. When data was sparse, every data point was critical, and thus great care was taken to avoid letting any bias the analysis. From ""Big DATA"" Viktor Mayer-Schonberger and Kenneth Cukier The main point of the paragraph is:",A: The twenty-first century is a digital world | B: Big data is obsessed with exactness | C: Exactitude is not critical in dealing with big data | D: Sparse data leads to a bias in the analysis,['C'],,
200,"In a group of four children, Som is younger to Riaz. Shiv is elder to Ansu. Ansu is youngest in the group. Which of the following statements is/are required to find the eldest child in the group? Statements 1. Shiv is younger to  Riaz. 2. Shiv is elder to Som.",A: Statement 1 by itself determines the eldest child. | B: Statement 2 by itself determines the eldest child. | C: Statement 1 and 2 are both required to determine the eldest child. | D: Statement 1 and 2 are not sufficient to determine the eldest child.,['A'],,
201,The population of a new city is 5 million and is growing at 20% annually. How many years would it take to double at this growth rate?,A: 3-4 years | B: 4-5 years | C: 5-6 years | D: 6-7 years,['A'],,
202,"In any given year, the probability of an earthquake greater than Magnitude 6 occurring in the Garhwal Himalayas is 0.04. The average time between successive occurrences of such earthquakes is ________ years.",,['25'],,
203,"Which of the following options is the closest in meaning to the sentence below? ""As a woman, I have no country"".",A: Women have no country. | B: Women are not citizens of any country. | C: Women's solidarity knows no national boundaries. | D: Women of all countries have equal legal rights.,['C'],,
204,"Choose the most appropriate word from the options given below to complete the following sentence. ____________ is the key to their happiness, they are satisfied with what they have.",A: Contentment | B: Ambition | C: Perseverance | D: Hunger,['A'],,
205,Choose the most appropriate word from the options given below to complete the following sentence. A person suffering from Alzheimer's disease ____________ short-term memory loss.,A: experienced | B: has experienced | C: is  experiencing | D: experiences,['D'],,
206,"The monthly rainfall chart based on 50 years of rainfall in Agra is shown in the following figure. Which of the following are true? (k percentile is the value such that k percent of the data fall below that value) br>i.  On average, it rains more in July than in December ii.  Every year, the amount of rainfall in August is more than that in January iii.  July rainfall can be estimated with better confidence than February rainfall iv.  In August, there is at least 500 mm of rainfall",A: (i) and (ii) | B: (i) and (iii) | C: (ii) and (iii) | D: (iii) and (iv),['B'],https://practicepaper.in/wp-content/uploads/GATE/CE/20141/q65.jpg,
207,"One percent of the people of country X are taller than 6 ft. Two percent of the people of country Y are taller than 6 ft. There are thrice as many people in country X as in country Y. Taking both countries together, what is the percentage of people taller than 6 ft?",A: 3 | B: 2.5 | C: 1.5 | D: 1.25,['D'],,
208,"The smallest angle of a triangle is equal to two thirds of the smallest angle of a quadrilateral. The ratio between the angles of the quadrilateral is 3:4:5:6. The largest angle of the triangle is twice its smallest angle. What is the sum, in degree, of the second largest angle of the triangle and the largest angle of the quadrilateral?",,['180'],,
209,"Anuj, Bhola, Chandan, Dilip, Eswar and Faisal live on different floors in a six-storeyed building (the ground floor is numbered 1, the floor above it 2,and so on). Anuj lives on an even-numbered floor.Bhola does not live on an odd numbered floor. Chandan does not live on any of the floors below Faisal?s floor. Dilip does not live on floor number 2. Eswar does not live on a floor immediately above or immediately below Bhola. Faisal lives three floors above Dilip. Which of the following floor-person combinations is correct? $\begin{array}{|c|c|c|c|c|c|c|} \hline & \text{Anuj} & \text{Bhola} & \text{Chandan} & \text{Dilip} & \text{Eswar} & \text{Faisal} \\ \hline (A) & 6 & 2 & 5 & 1 & 3 & 4 \\ \hline (B) & 2 & 6 & 5 & 1 & 3 & 4 \\ \hline (C) & 4 & 2 & 6 & 3 & 1 & 5 \\ \hline (D) & 2 & 4 & 6 & 1 & 3 & 5 \\ \hline \end{array}$",A: A | B: B | C: C | D: D,['B'],,
210,"Find the odd one in the following group: ALRVX, EPVZB, ITZDF, OYEIK",A: ALRVX | B: EPVZB | C: ITZDF | D: OYEIK,['D'],,
211,"A foundry has a fixed daily cost of Rs 50,000 whenever it operates and a variable cost of Rs 800Q, where Q is the daily production in tonnes. What is the cost of production in Rs per tonne for a daily production of 100 tonnes?",,['1300'],,
212,"If $y=5x^2+3$ , then the tangent at $x=0,y=3$","A: passes through $x=0,y=0$ | B: has a slope of +1 | C: is parallel to the x-axis | D: has a slope of -1",['C'],,
213,"Rajan was not happy that Sajan decided to do the project on his own. On observing his unhappiness, Sajan explained to Rajan that he preferred to work independently. Which one of the statements below is logically valid and can be inferred from the above sentences?",A: Rajan has decided to work only in a group. | B: Rajan and Sajan were formed into a group against their wishes. | C: Sajan had decided to give in to Rajan?s request to work with him. | D: Rajan had believed that Sajan and he would be working together.,['D'],,
214,Choose the most appropriate word from the options given below to complete the following sentence. One of his biggest ______ was his ability to forgive.,A: vice | B: virtues | C: choices | D: strength,['B'],,
215,"A student is required to demonstrate a high level of comprehension of the subject, especially in the social sciences. The word closest in meaning to comprehension is",A: understanding | B: meaning | C: concentration | D: stability,['A'],,
216,Abhishek is elder to Savar. Savar is younger to Anshul. Which of the given conclusions is logically valid and is inferred from the above statements?,A: Abhishek is elder to Anshul | B: Anshul is elder to Abhishek | C: Abhishek and Anshul are of the same age | D: No conclusion follows,['D'],,
217,"A firm is selling its product at Rs. 60 per unit. The total cost of production is Rs. 100 and firm is earning total profit of Rs. 500. Later, the total cost increased by 30%. By what percentage the price should be increased to maintain the same profit level.",A: 5 | B: 10 | C: 15 | D: 30,['A'],,
218,"Following table provides figures(in rupees) on annual expenditure of a firm for two years -2010 and 2011. $\begin{array}{|l|r|r|} \hline \textbf{Category} & \textbf{2010} &\textbf{2011 }\\ \hline \text{Raw material} & \text{5200} &\text{6240}\\\hline \text{Power and fuel} & \text{7000} &\text{9450}\\ \hline \text{Salary and wages} & \text{9000} &\text{12600}\\ \hline \text{Plant and machinery} & \text{20000} &\text{25000}\\ \hline \text{Advertising} & \text{15000} &\text{19500}\\\hline \text{Research and Development} & \text{22000} &\text{26400}\\ \hline \end{array}$ In 2011, which of the two categories have registered increase by same percentage?",A: Raw material and Salary & wages. | B: Salary & wages and Advertising. | C: Power & fuel and Advertising. | D: Raw material and research & Development.,['D'],,
219,If $| 4X-7 |=5$ then the values of $2|X|-|-X|$ is:,"A: 2,1/3 | B: 1/2,3 | C: 3/2,9 | D: 2/3,9",['B'],,
220,"$X$ and $Y$ are two positive real numbers such that $2X+Y \leq 6$ and $X+2Y \leq 8$ . For which of the following values of $(X,Y)$ the function $f(X,Y)=3X+6Y$ will give maximum value ?","A: $\left(\frac{4}{3} , \frac{10}{3}\right)$ | B: $\left(\frac{8}{3} , \frac{20}{3}\right)$ | C: $\left(\frac{8}{3} , \frac{10}{3}\right)$ | D: $\left(\frac{4}{3} , \frac{20}{3}\right)$",['A'],,
221,"Visualize a cube that is held with one of the four body diagonals aligned to the
vertical axis. Rotate the cube about this axis such that its view remains unchanged.
The magnitude of the minimum angle of rotation is",A: $60^{\circ}$ | B: $180^{\circ}$ | C: $120^{\circ}$ | D: $90^{\circ}$,['C'],,
222,"Five cubes of identical size and another smaller cube are assembled as shown in
Figure A. If viewed from direction X, the planar image of the assembly appears as
Figure B. If viewed from direction Y, the planar image of the assembly (Figure A) will
appear as",A: A | B: B | C: C | D: D,['A'],"https://practicepaper.in/wp-content/uploads/GATE/CE/20242/q64a.webp, https://practicepaper.in/wp-content/uploads/GATE/CE/20242/q64.webp",
223,"The plot below shows the relationship between the mortality risk of cardiovascular
disease and the number of steps a person walks per day. Based on the data, which
one of the following options is true?",A: The risk reduction on increasing the steps/ day from 0 to 10000 is less than the risk reduction on increasing the steps/day from 10000 to 20000. | B: The risk reduction on increasing the steps/ day from 0 to 5000 is less than the risk reduction on increasing the steps/day from 15000 to 20000. | C: For any 5000 increment in steps/day the largest risk reduction occurs on going from 0 to 5000 . | D: For any 5000 increment in steps/day the largest risk reduction occurs on going from 15000 to 20000.,['C'],https://practicepaper.in/wp-content/uploads/GATE/CE/20242/q63.webp,
224,"Seven identical cylindrical chalk-sticks are fitted tightly in a cylindrical container.
The figure below shows the arrangement of the chalk-sticks inside the cylinder. The length of the container is equal to the length of the chalk-sticks. The ratio of
the occupied space to the empty space of the container is",A: $5 / 2$ | B: $7 / 2$ | C: $9 / 2$ | D: $3$,['B'],https://practicepaper.in/wp-content/uploads/GATE/CE/20242/q62.webp,
225,"In the given text, the blanks are numbered (i)−(iv). Select the best match for
all the blanks. Yoko Roi stands ___(i)____ as an author for standing ___(ii)___ as an honorary
fellow, after she stood ___(iii)___ her writings that stand ___(iv)___ the freedom of
speech.",A: (i) out	(ii) down	(iii) in	(iv) for | B: (i) down	(ii) out	(iii) by	(iv) in | C: (i) down	(ii) out	(iii) for	(iv) in | D: (i) out	(ii) down	(iii) by	(iv) for,['D'],,
226,Select the pair that best expresses a relationship similar to that expressed in the pair: Medicine: Health,A: Science: Experiment | B: Wealth: Peace | C: Education: Knowledge | D: Money: Happiness,['C'],,
227,"Friendship, no matter how _________it is, has its limitations.",A: cordial | B: intimate | C: secret | D: pleasant,['B'],,
228,Which of the following options is the closest in meaning to the word given below: Primeval,A: Modern | B: Historic | C: Primitive | D: Antique,['C'],,
229,$\underset{I}{\underline{\text{The professor }}} \underset{II}{\underline{\text{ ordered to }}} \underset{III}{\underline{\text{ the student to go }}} \underset{IV}{\underline{\text{ out of the class}}}$ Which of the above underlined parts of the sentence is grammatically incorrect?,A: I | B: II | C: III | D: IV,['B'],,
230,A number is as much greater than 75 as it is smaller than 117. The number is:,A: 91 | B: 93 | C: 89 | D: 96,['D'],,
231,"An automobile plant contracted to buy shock absorbers from two suppliers X and Y. X supplies 60% and Y supplies 40% of the shock absorbers. All shock absorbers are subjected to a quality test. The ones that quality test are considered reliable. Of X?s shock absorbers, 96% are reliable. Of Y?s shock absorbers,72% are reliable. The probability that a randomly chosen shock absorber, which is found to be reliable, is made by Y is",A: 0.288 | B: 0.334 | C: 0.667 | D: 0.72,['B'],,
232,Which of the following assertions are CORRECT? P: Adding 7 to each entry in a list adds 7 to mean of the list Q: Adding 7 to each entry in a list adds 7 to the standard deviation of the list R: Doubling each entry in a list doubles the mean of the list S: Doubling each entry in a list leaves the standard deviation of the list unchanged,"A: P,Q | B: Q,R | C: P,R | D: R,S",['C'],,
233,"Given the sentence of terms, AD  CG   FK   JP, the next term is",A: OV | B: OW | C: PV | D: PW,['A'],,
234,"Wanted Temporary, Part-time persons for the post of Field Interviewer to conduct personal interviews to collect and collate economic data. Requirements: High School-pass, must be available for Day, Evening and Saturday work. Transportation paid, expenses reimbursed. Which one of the following is the best inference from the above advertisement?",A: Gender-discriminatory | B: Xenophobic | C: Not designed to make the post attractive | D: Not gender-discriminatory,['C'],,
235,A political party orders an arch for the entrance to the ground in which the annual convention is being held. The profile of the arch follows the equation $y=2x-0.1x^2$ where $y$ is the height of the arch in meters. The maximum possible height of the arch is,A: 8 meters | B: 10 meters | C: 12 meters | D: 14 meters,['B'],,
236,Which one of the following options is the closest in meaning to the word given below? Mitigate,A: Diminish | B: Divulge | C: Dedicate | D: Denote,['A'],,
237,Choose the grammatically INCORRECT sentence:,"A: They gave us the money back less the service charges of Three Hundred rupees. | B: This country's expenditure is not less than that of Bangladesh. | C: The committee initially asked for a funding of Fifty Lakh rupees, but later settled for a lesser sum. | D: This country's expenditure on educational reforms is very less.",['D'],,
238,Choose the most appropriate alternative from the options given below to complete the following sentence: Suresh's dog is the one __________ was hurt in the stampede.,A: that | B: which | C: who | D: whom,['A'],,
239,"The cost function for a  product in a firm is given by $5q^2$ ,where $q$ is the amount of production. The firm can sell the product at a market price of Rs.50 per unit. The number of units to be produced by the firm such that the profit is maximized is",A: 5 | B: 10 | C: 15 | D: 25,['A'],,
240,Choose the most appropriate alternative from the options given below to complete the following sentence: Despite several _________ the mission succeeded in its attempt to resolve the conflict.,A: attempts | B: setbacks | C: meetings | D: delegations,['B'],,
241,"The variable cost $(V)$ of manufacturing a product varies according to the equation $V= 4q$ , where $q$ is the quantity produced. The fixed cost $(F)$ of production of
same product reduces with $q$ according to the equation $F = 100/ q$ . How many
units should be produced to minimize the total cost $(V +F)$ ?",A: 5 | B: 4 | C: 7 | D: 6,['A'],,
242,"A transporter receives the same number of orders each day. Currently, he has
some pending orders (backlog) to be shipped. If he uses 7 trucks, then at the end
of the 4th day he can clear all the orders. Alternatively, if he uses only 3 trucks,
then all the orders are cleared at the end of the 10th day. What is the minimum
number of trucks required so that there will be no pending order at the end of
the 5th day?",A: 4 | B: 5 | C: 6 | D: 7,['C'],,
243,"A container originally contains 10 litres of pure spirit. From this container 1 litre
of spirit is replaced with 1 litre of water. Subsequently, 1 litre of the mixture is
again replaced with 1 litre of water and this process is repeated one more time.
How much spirit is now left in the container?",A: 7.58 litres | B: 7.84 litres | C: 7 litres | D: 7.29 litres,['D'],,
244,"Few school curricula include a unit on how to deal with bereavement and grief,
and yet all students at some point in their lives suffer from losses through death
and parting. Based on the above passage which topic would not be included in a unit on
bereavement?",A: how to write a letter of condolence | B: what emotional stages are passed through in the healing process | C: what the leading causes of death are | D: how to give support to a grieving friend,['C'],,
245,"P, Q, R and S are four types of dangerous microbes recently found in a human
habitat. The area of each circle with its diameter printed in brackets represents
the growth of a single microbe surviving human immunity system within 24 hours
of entering the body. The danger to human beings varies proportionately with the
toxicity, potency and growth attributed to a microbe shown in the figure below: A pharmaceutical company is contemplating the development of a vaccine against
the most dangerous microbe. Which microbe should the company target in its
first attempt?",A: P | B: Q | C: R | D: S,['A'],https://practicepaper.in/wp-content/uploads/GATE/CE/20111/q61.jpg,
246,"Choose the most appropriate word(s) from the options given below to complete
the following sentence. I contemplated ________ Singapore for my vacation but decided against it.",A: to visit | B: having to visi | C: visiting | D: for a visit,['C'],,
247,"Choose the most appropriate word from the options given below to complete the
following sentence. If you are trying to make a strong impression on your audience, you cannot do
so by being understated, tentative or _________.",A: hyperbolic | B: restrained | C: argumentative | D: indifferent,['B'],,
248,Choose the word from the options given below that is most nearly opposite in meaning to the given word: Amalgamate,A: merge | B: split | C: collect | D: separate,['D'],,
249,Which of the following options is the closest in the meaning to the word below: Inexplicable,A: Incomprehensible | B: Indelible | C: Inextricable | D: Infallible,['A'],,
250,"If $\log (P)=(1/2) \log (Q)=(1/3) \log (R)$ , then which of the following options is
TRUE?",A: $P^2=Q^3R^2$ | B: $Q^2=PR$ | C: $Q^2=R^3P$ | D: $R=P^2Q^2$,['B'],,
251,"The ratio of the number of girls to boys in class VIII is the same as the ratio of the number of boys to girls in class IX. The total number of students (boys and girls) in classes VIII and IX is 450 and 360, respectively. If the number of girls in classes VIII and IX is the same, then the number of girls in each class is",A: 150 | B: 200 | C: 250 | D: 175,['B'],,
252,"If the sum of the first 20 consecutive positive odd numbers is divided by $20^2$ , the
result is",A: 1 | B: 20 | C: 2 | D: 01-Feb,['A'],,
253,"A student was supposed to multiply a positive real number p with another positive
real number q. Instead, the student divided p by q. If the percentage error in the
student’s answer is 80%, the value of q is",A: 5 | B: $\sqrt{2}$ | C: 2 | D: $\sqrt{5}$,['D'],,
254,Statements: 1. All heroes are winners. 2. All winners are lucky people. Inferences: I. All lucky people are heroes. II. Some lucky people are heroes. III. Some winners are heroes. Which of the above inferences can be logically deduced from statements 1 and 2?,A: Only I and II | B: Only II and III | C: Only I and III | D: Only III,['B'],,
255,"If $\rightarrow$ denotes increasing order of intensity, then the meaning of the words
[drizzle $\rightarrow$ rain $\rightarrow$ downpour] is analogous to [ ______ $\rightarrow$ quarrel $\rightarrow$ feud]. Which one of the given options is appropriate to fill the blank?",A: bicker | B: bog | C: dither | D: dodge,['A'],,
256,"During a half-moon phase, the Earth-Moon-Sun form a right triangle. If the Moon-EarthSun angle at this half-moon phase is measured to be $89.85^{\circ}$ , the ratio of the Earth-Sun and Earth-Moon distances is closest to",A: 328 | B: 382 | C: 238 | D: 283,['B'],,
257,"In the $4 \times 4$ array shown below, each cell of the first three columns has either a cross (X) or a number, as per the given rule. $\begin{array}{|c|c|c|c|}
\hline 1 & 1 & 2 & \\
\hline 2 & X  & 3 & \\
\hline 2 & X  & 4 & \\
\hline 1 & 2 & X  & \\
\hline
\end{array}$ Rule: The number in a cell represents the count of crosses around its immediate neighboring cells (left, right, top. bottom, diagonals). As per this rule, the maximum number of crosses possible in the empty column is",A: 0 | B: 1 | C: 2 | D: 3,['C'],,
258,"The chart given below compares the Installed Capacity (MW) of four power generation technologies, T1, T2, T3 and T4 and their Electricity Generation (MWh) in a time of 1000 hours (h). The capacity factor of a power generation technology is: Capacity Factor $=\frac{\text { Electrivity Generation }(\mathrm{MM})}{\text { Installed Capacity }(\mathrm{MW}) \times 1000(\mathrm{~h})}$ Which one of the given technologies has the highest Capacity Factor?",A: T1 | B: T2 | C: T3 | D: T4,['A'],https://practicepaper.in/wp-content/uploads/GATE/CE/20241/q63.webp,
259,Three distinct sets of indistinguishable twins are to be seated at a circular table that has 8 identical chairs.. Unique seating arrangements are defined by the relative positions of the people. How many unique seating arrangements are possible such that each person is sitting next to their twin?,A: 12 | B: 14 | C: 10 | D: 28,['A'],,
260,"In the given text, the blanks are numbered (1)-(iv). Select the best match for all the blanks. From the ancient Athenian arena to the modern Olympic stadiums, athletics $\quad(i)$ the potential for a spectacle. The crowd $\quad(ii)$ with bated breath as the Olympian artist twists his body, stretching the javelin behind him. Twelve strides in, he begins to crossstep. Six cross-steps $\quad(iii)$ in an abrupt stop on his left foot. As his body $\quad(iv)$ like a door turning on a hinge, the javelin is launched skyward at a precise angle.",A: (i) hold  (ii) Waits (iii) culminates (iv) pivot | B: (i) holds (ii) wait (iii) culminates (iv) pivot | C: (i) hold  (ii) wait (iii) culminate (iv) pivots | D: (i) holds (ii) waits (iii) culminate (iv) pivots,['D'],,
261,"On a given day, how many times will the second-hand and the minute-hand of a clock cross each other during the clock time 12:05:00 hours to $12: 55: 00$ hours?",A: 51 | B: 49 | C: 50 | D: 55,['C'],,
262,"Which one of the given options is a possible value of $x$ in the following sequence? $3,7,15, x, 63,127,255$",A: 35 | B: 40 | C: 45 | D: 31,['D'],,
263,"For positive integers $\mathrm{p}$ and $\mathrm{q}$ , with $\frac{\mathrm{p}}{\mathrm{q}} \neq 1\left(\frac{p}{q}\right)^{\frac{p}{q}}=p^{\left(\frac{p}{q}-1\right)}$ . Then,",A: $q^p=p^q$ | B: $q^p=p^{2q}$ | C: $\sqrt{q}=\sqrt{p}$ | D: $\sqrt[p]{q}=\sqrt[q]{p}$,['A'],,
264,"In a locality, the houses are numbered in the following way: The house-numbers on one side of a road are consecutive odd integers starting from 301, while the house-numbers on the other side of the road are consecutive even numbers starting from 302 . The total number of houses is the same on both sides of the road. If the difference of the surn of the house-numbers between the two sides of the road is 27 , then the number of houses on each side of the rood is",A: 27 | B: 52 | C: 54 | D: 26,['A'],,
265,"If ' $\rightarrow$ ' denotes increasing order of intensity, then the meaning of the words [simmer $\rightarrow$ seethe $\rightarrow$ smolder] is analogous to [break $\rightarrow$ raze $\rightarrow$ 1. Which one of the given options is appropriate to fill the blank?",A: obfuscate | B: obliterate | C: fracture | D: fissure,['B'],,
266,"Consider a spherical globe rotating about an axis passing through its poles. There are three points $P$ , $\mathrm{Q}$ , and $\mathrm{R}$ situated respectively on the equator, the north pole, and midway between the equator and the north pole in the northern hemisphere. Let $P$ , $\mathrm{Q}$ , and $\mathrm{R}$ move with speeds $v_{P}, v_{Q}$ , and $v_{R}$ , respectively. Which one of the following options is CORRECT?",A: $v_{P} \lt v_{R} \lt v_{Q}$ | B: $v_{P} \lt v_{Q} \lt v_{R}$ | C: $v_{P}\gt v_{R} \gt v_{Q}$ | D: $v_{P}=v_{R} \neq v_{Q}$,['C'],,
267,"If $x$ satisfies the equation $4^{8^{x}}=256$ , then $x$ is equal to",A: $\frac{1}{2}$ | B: $\log _{16} 8$ | C: $\frac{2}{3}$ | D: $\log _{4} 8$,['C'],,
268,"Based only on the following passage, which one of the options can be inferred with certainty? When the congregation sang together, Apenyo would also join, though her little screams were not quite audible because of the group singing. But whenever there was a special number, trouble would begin; Apenyo would try singing along, much to the embarrassment of her mother. After two or three such mortifying Sunday evenings, the mother stopped going to church altogether until Apenyo became older and learnt to behave. At home too, Apenyo never kept quiet; she hummed or made up silly songs to sing by herself, which annoyed her mother at times but most often made her become pensive. She was by now convinced that her daughter had inherited her love of singing from her father who had died unexpectedly away from home. [Excerpt from These Hills Called Home by Temsula Ao]","A: The mother was embarrassed about her
daughter's singing at home. | B: The mother's feelings about her daughter's
singing at home were only of annoyance | C: The mother was not sure if Apenyo
had inherited her love of singing from her
father. | D: When Apenyo hummed at home, her mother
tended to become thoughtful.",['C'],,
269,Three husband-wife pairs are to be seated at a circular table that has six identical chairs. Seating arrangements are defined only by the relative position of the people. How many seating arrangements are possible such that every husband sits next to his wife?,A: 16 | B: 4 | C: 120 | D: 720,['A'],,
270,"Elvesland is a country that has peculiar beliefs and practices. They express almost
all their emotions by gifting flowers. For instance, if anyone gifts a white flower to
someone, then it is always taken to be a declaration of one's love for that person. In
a similar manner, the gifting of a yellow flower to someone often means that one is
angry with that person. Based only on the information provided above, which one of the following sets of
statement(s) can be logically inferred with certainty? (i) In Elvesland, one always declares one's love by gifting a white flower. (ii) In Elvesland, all emotions are declared by gifting flowers. (iii) In Elvesland, sometimes one expresses one's anger by gifting a flower that is
not yellow. (iv) In Elvesland, sometimes one expresses one's love by gifting a white flower.","A: only (ii) | B: (i), (ii) and (iii) | C: (i), (iii) and (iv) | D: only (iv)",['D'],,
